ANALYSIS_DATE,TM,AM,VOLTMAT,VOLTMATDRY,ASHCONFNL,ASHCONADRY,ASHCONDRY,BFASHCNADR,BFASHCNDRY,BFFXCAADRY,BFFXCARDRY,ST_FEO,ST_AL2O3,ST_AL2O3_BY_SIO,ST_CAO_SIO2,CARBON,MN,PHOSPORUS,TI,AL2O3,CB_FLOW,O2_PRESS,O2_FLOW,O2_PER,PCI,CB_TEMP,ATM_HUMID,HB_TEMP,HB_PRESS,TOP_TEMP1,TOP_TEMP2,TOP_TEMP3,TOP_TEMP4,TOP_PRESS,STP,ORE,TOT_FE,LIME,TOT_FLUX,COKE_PROC,NUT,TOT_FUEL,SI
01/09/19,9.367,1.5,25.297,25.682,21.901,10.207,10.362,14.293,14.366,84.56,84.991,9.396,2.187,0.388,3.38,4.305,0.054,0.091,0.056,17.885,310152,3.87,18005,26.5,68,131,24,1098,3.65,150,146,146,160,2,8703,2437,11140,376,395,2582,122,2704,0.605
02/09/19,9.4,1.513,25.46,25.851,21.415,10.303,10.462,14.433,14.508,84.437,84.869,9.402,1.863,0.327,3.478,4.33,0.068,0.102,0.06,17.692,281103,3.8,11545,24.66,52,125,23.1,1092,3.33,149,143,157,169,1.7,6914,1964,8878,363,375,2494,118,2612,0.645
03/09/19,9.2,1.503,25.34,25.727,20.251,10.577,10.738,14.46,14.532,84.43,84.852,9.193,1.923,0.331,3.403,4.29,0.075,0.105,0.051,17.21,250400,4.52,0,20.52,0,35,23.4,991,2.04,79,89,88,74,0.7,639,209,0,40,0,285,0,0,0.66
04/09/19,9.4,1.5,25.447,25.834,20.277,10.543,10.704,14.29,14.361,84.587,85.006,9.195,1.755,0.291,3.146,4.273,0.084,0.101,0.085,17.653,321907,3.55,6736,22.97,26,126,23.7,1076,3.23,129,138,130,141,1.8,7580,2340,9920,0,415,0,134,2978,1.021
05/09/19,9.467,1.503,25.527,25.916,23.364,10.123,10.278,14.327,14.4,84.56,84.991,9.182,1.882,0.305,3.236,4.228,0.074,0.106,0.049,16.59,321344,3.78,16112,25.77,68,125,24.1,1101,3.56,151,165,161,168,2,8798,2652,11450,401,401,2754,130,2884,0.563
06/09/19,9.733,1.503,25.66,26.052,23.377,10.373,10.532,14.297,14.369,84.597,85.022,9.172,1.775,0.287,3.198,4.328,0.075,0.1,0.047,15.671,330690,3.93,21476,27.16,95,130,23.3,1097,3.68,141,152,146,157,2,9340,2732,12072,398,398,2777,131,2909,0.517
07/09/19,9.8,1.507,25.367,25.755,23.368,10.403,10.562,14.283,14.355,84.607,85.029,9.408,1.88,0.303,3.556,4.255,0.09,0.109,0.067,16.583,326485,3.93,21856,27.43,96,128,23.1,1100,3.69,146,143,154,164,2,9052,2913,11965,386,398,2657,127,2784,0.693
08/09/19,9.867,1.52,25.64,26.036,20.202,10.52,10.682,14.367,14.442,84.487,84.934,9.268,1.784,0.299,3.544,4.121,0.079,0.115,0.036,15.614,314325,3.89,20863,27.35,95,128,23.9,1099,3.67,142,138,143,151,2,8877,2892,11769,381,382,2648,125,2773,0.41
09/09/19,9.667,1.507,25.777,26.171,20.191,10.62,10.783,14.283,14.356,84.597,85.028,9.332,1.473,0.251,3.785,4.219,0.076,0.095,0.04,15.619,315712,3.89,20607,27.18,82,128,24.5,1100,3.66,156,152,155,166,2,8442,3153,11595,373,373,2626,122,2749,0.446
10/09/19,9.933,1.513,25.277,25.665,20.192,10.593,10.756,14.57,14.643,84.313,84.737,9.268,1.422,0.252,4.123,4.286,0.07,0.097,0.037,16.114,305208,3.79,21278,27.61,64,124,25.3,1108,3.57,170,179,181,187,1.9,7790,2679,10469,351,351,2552,118,2670,0.415
11/09/19,9.867,1.507,25.54,25.931,20.169,10.307,10.464,14.66,14.735,84.213,84.642,9.203,1.452,0.248,3.758,4.187,0.097,0.101,0.051,15.89,297195,3.59,19180,27.09,56,122,25,1102,3.36,174,187,179,196,1.8,7545,2954,10499,356,367,2471,117,2588,0.562
12/09/19,9.867,1.5,25.783,26.176,20.193,10.72,10.883,14.447,14.519,84.447,84.871,9.312,1.443,0.218,3.893,4.047,0.101,0.111,0.04,15.061,289508,3.37,13500,25.33,57,119,24,1107,3.18,214,224,217,236,1.6,6332,2262,8594,266,311,2210,104,2315,0.551
13/09/19,9.6,1.507,25.11,25.494,20.216,10.587,10.748,14.45,14.524,84.423,84.859,9.375,1.465,0.253,3.998,4.307,0.094,0.094,0.072,15.465,281898,3.01,3689,22.66,11,120,25.1,1075,2.82,153,148,169,178,1.4,5929,2288,8217,136,174,2647,125,2773,0.845
14/09/19,9.6,1.507,25.26,25.647,20.187,9.987,10.14,14.573,14.646,84.307,84.731,9.355,1.6,0.262,3.83,4.23,0.092,0.095,0.076,14.95,270335,4.72,837,20.96,2,89,25.9,1050,2.57,107,98,106,114,1.1,3332,1241,4573,180,180,1463,69,1532,0.893
15/09/19,9.7,1.507,25.087,25.47,20.14,10.143,10.298,14.523,14.597,84.347,84.776,9.44,1.745,0.28,4.002,4.193,0.089,0.096,0.065,15.799,317388,3.77,12324,24.76,27,137,25.9,1089,3.55,109,108,122,127,2,7556,2876,10432,392,416,2734,129,2863,0.766
16/09/19,9.633,1.507,25.393,25.782,21.244,10.31,10.468,14.45,14.524,84.43,84.86,9.333,1.56,0.237,3.772,4.197,0.092,0.097,0.045,15.611,295581,3.73,12419,25.02,47,134,26.7,1093,3.53,170,160,160,181,2,7067,2952,10019,232,264,2305,109,2414,0.57
17/09/19,9.8,1.5,25.62,26.01,21.274,10.43,10.589,14.463,14.536,84.43,84.855,9.138,1.68,0.242,3.75,4.186,0.104,0.106,0.069,16.163,283820,3.7,11325,24.72,43,132,26.6,1083,3.52,167,164,161,182,1.9,6656,2784,9440,0,56,2152,103,2255,0.736
18/09/19,9.8,1.507,25.773,26.168,23.42,10.503,10.664,14.453,14.527,84.433,84.863,9.288,1.742,0.235,3.315,4.201,0.095,0.105,0.074,15.83,270156,3.96,8082,22.96,23,102,25.8,1056,3.02,132,121,129,143,1.5,4546,1882,6428,82,101,1723,82,1804,0.845
19/09/19,9.8,1.497,25.123,25.505,22.202,10.587,10.747,14.183,14.256,84.703,85.135,9.138,1.645,0.214,3.73,4.181,0.092,0.096,0.067,14.789,301418,3.84,11035,24.48,41,137,25.5,1073,3.64,155,157,161,172,2,7095,3104,10199,34,70,2365,112,2477,0.823
20/09/19,9.933,1.507,25.853,26.249,20.116,10.177,10.332,14.237,14.309,84.637,85.068,9.095,1.623,0.245,3.957,4.237,0.099,0.1,0.047,14.264,284908,3.53,11048,24.7,45,131,24.9,1083,3.34,134,142,148,158,1.7,7101,2891,9992,0,35,2300,110,2410,0.611
21/09/19,9.8,1.497,25.257,25.64,20.109,10.307,10.463,14.203,14.275,84.683,85.109,9.073,1.588,0.274,4.04,4.418,0.087,0.095,0.061,14.493,299273,3.85,11842,24.64,57,138,25.6,1087,3.65,142,153,160,167,2,6999,3089,10088,0,27,2324,130,2454,0.696
22/09/19,9.667,1.507,25.37,25.758,20.127,10.373,10.532,14.277,14.348,84.613,85.036,9.467,1.553,0.288,4.25,4.184,0.083,0.109,0.061,14.967,293915,3.84,12641,24.91,56,136,24.8,1072,3.66,158,168,176,189,2,6540,2915,9455,0,42,2192,129,2322,0.641
23/09/19,9.8,1.503,25.32,25.706,20.106,10.423,10.582,14.373,14.447,84.513,84.944,9.397,1.7,0.32,4.04,4.171,0.093,0.123,0.056,15.77,291044,3.78,14067,25.43,47,130,24.9,1067,3.58,147,147,154,170,2,6997,3163,10160,0,47,2259,134,2394,0.574
24/09/19,9.867,1.503,25.233,25.618,21.056,10.413,10.573,14.357,14.429,84.533,84.958,9.193,1.705,0.335,3.984,4.194,0.115,0.124,0.078,16.262,306832,3.84,15647,25.86,52,128,24.4,1071,3.63,159,156,160,180,2,7363,3420,10783,0,31,2454,144,2599,0.816
25/09/19,9.867,1.52,25.437,25.829,20.398,10.31,10.469,14.183,14.257,84.65,85.093,9.247,1.909,0.355,3.893,4.343,0.105,0.114,0.067,16.667,307194,3.73,13703,25.29,54,133,24.3,1065,3.52,147,142,160,178,2,7324,3248,10572,143,161,2518,148,2666,0.721
26/09/19,10,1.5,25.26,25.645,20.393,10.147,10.301,14.073,14.145,84.8,85.232,9.353,1.768,0.305,3.823,4.194,0.095,0.116,0.058,16.584,318573,3.82,14242,25.31,58,133,23,1081,3.61,123,131,140,151,2,8032,2823,10855,375,398,2555,151,2705,0.607
27/09/19,10,1.52,25.307,25.697,15.49,10.16,10.317,14.08,14.151,84.783,85.212,9.384,1.956,0.321,3.536,4.173,0.099,0.113,0.046,16.337,325877,3.81,14771,25.36,55,138,23.4,1080,3.58,124,129,135,146,2,8163,2634,10797,370,393,2602,151,2753,0.52
28/09/19,10,1.51,25.213,25.6,20.085,10.373,10.532,14.02,14.09,84.877,85.3,9.548,2.096,0.337,3.769,4.233,0.142,0.114,0.072,16.077,331395,3.85,15977,25.65,59,137,23.2,1072,3.61,147,158,136,156,2,8176,2873,11049,274,321,2604,153,2757,0.668
29/09/19,10,1.513,25.233,25.621,20.074,10.463,10.624,14.373,14.448,84.47,84.909,9.387,1.872,0.313,3.499,4.133,0.119,0.113,0.053,16.157,325602,3.85,16325,25.84,63,136,23.8,1072,3.62,151,166,154,174,2,8173,3009,11182,361,382,2576,152,2728,0.616
30/09/19,10,1.513,25.303,25.692,20.149,10.23,10.387,14.357,14.428,84.53,84.952,9.472,2.022,0.308,3.458,4.201,0.122,0.12,0.06,15.002,321261,3.88,16747,26.06,67,133,23.6,1075,3.66,147,157,154,169,2,8389,2848,11237,358,388,2541,149,2690,0.646
01/10/19,9.933,1.507,25.367,25.755,20.19,10.173,10.329,14.493,14.568,84.373,84.809,9.304,1.704,0.279,3.824,4.211,0.113,0.113,0.057,15.198,318195,3.86,16108,25.94,68,135,23.9,1077,3.65,156,172,171,184,2,8342,2728,11070,357,369,2479,146,2624,0.557
02/10/19,9.933,1.507,25.36,25.748,20.194,10.68,10.843,14.62,14.695,84.253,84.688,9.473,1.923,0.33,3.568,4.274,0.135,0.105,0.057,14.964,326301,3.89,15124,25.53,60,138,22.8,1073,3.67,152,176,170,188,2,8281,2931,11212,367,417,2519,148,2667,0.603
03/10/19,10,1.5,24.973,25.354,18.535,10.354,10.512,14.552,14.626,84.335,84.764,9.07,1.988,0.319,3.397,4.118,0.099,0.109,0.062,16.529,322789,3.87,15561,25.71,56,138,23.6,1072,3.64,178,186,180,204,2,8347,2729,0,356,0,2455,0,0,0.629
04/10/19,10,1.5,25.43,25.817,15.32,10.187,10.342,14.083,14.155,84.803,85.235,9.289,1.962,0.327,3.88,4.257,0.117,0.105,0.06,15.862,323260,3.89,15372,25.61,58,138,22.3,1099,3.66,158,170,164,182,2,8099,2911,11010,0,411,0,155,2779,0.563
05/10/19,9.267,1.503,25.943,26.339,15.308,10.453,10.613,14.257,14.329,84.62,85.048,9.247,1.819,0.284,3.627,3.997,0.108,0.098,0.07,15.784,326905,3.86,14413,25.3,42,139,22.8,1096,3.63,141,147,138,156,2,8428,2955,11383,395,404,2732,161,2892,0.68
06/10/19,9.933,1.533,25.717,26.117,20.045,10.42,10.582,14.327,14.402,84.52,84.962,9.16,1.789,0.297,3.645,4.213,0.086,0.103,0.055,15.096,328637,3.9,17814,26.24,58,133,23.3,1087,3.67,181,195,182,201,2,8571,2830,11401,374,411,2583,152,2735,0.569
07/10/19,9.867,1.517,25.483,25.876,20.046,10.427,10.587,14.347,14.42,84.52,84.951,9.241,1.819,0.301,3.683,4.308,0.107,0.097,0.053,14.835,335145,3.92,18457,26.35,59,138,22.8,1086,3.68,176,185,181,203,2,8768,2931,11699,385,412,2636,156,2791,0.564
08/10/19,9.933,1.507,25.573,25.964,20.046,10.397,10.556,14.4,14.474,84.447,84.883,9.401,1.643,0.3,3.786,4.326,0.136,0.101,0.073,15.275,330175,3.92,17364,26.13,54,138,23.4,1074,3.69,196,205,193,216,2,8137,2923,11060,363,462,2519,148,2668,0.76
09/10/19,10,1.5,25.373,25.76,20.054,10.3,10.457,14.37,14.447,84.463,84.916,9.144,1.651,0.273,3.56,4.229,0.145,0.101,0.059,15.276,326843,3.87,17156,26.11,54,136,23.7,1065,3.64,174,170,177,195,2,8329,2979,11308,369,447,2552,151,2703,0.647
10/10/19,9.933,1.507,25.63,26.022,20.043,10.333,10.492,14.283,14.355,84.597,85.019,9.325,1.667,0.272,3.69,4.202,0.099,0.102,0.05,14.746,320030,3.93,17357,26.25,56,136,22.8,1076,3.71,144,145,145,164,2,8357,2794,11151,366,380,2532,149,2681,0.591
11/10/19,10,1.503,25.713,26.106,20.039,10.267,10.423,14.25,14.322,84.64,85.065,9.173,1.859,0.319,3.711,4.353,0.14,0.085,0.048,14.522,317140,3.92,15803,25.85,56,137,23.4,1084,3.7,164,166,173,191,2,8164,2696,10860,357,433,2477,146,2623,0.598
12/10/19,9.8,1.507,25.443,25.833,20.044,10.243,10.4,14.267,14.341,84.58,85.022,9.225,1.85,0.333,3.833,4.496,0.135,0.088,0.041,14.923,330553,3.94,19993,26.91,54,138,23.8,1073,3.69,147,154,149,165,2,8921,3012,11933,387,465,2692,158,2851,0.542
13/10/19,9.867,1.503,25.463,25.852,20.045,10.193,10.349,14.353,14.426,84.51,84.938,9.268,1.835,0.332,3.639,4.386,0.11,0.088,0.036,15.441,324330,3.86,17755,26.37,62,133,24.6,1074,3.63,164,172,164,180,2,8361,2804,11165,278,323,2486,147,2633,0.477
14/10/19,9.933,1.503,25.337,25.723,20.029,10.227,10.383,14.277,14.348,84.613,85.036,9.419,1.878,0.34,3.449,4.417,0.116,0.1,0.047,16.648,314268,3.96,15531,25.67,52,133,23,1081,3.41,177,184,176,199,1.9,8024,2478,10502,237,270,2546,150,2696,0.598
15/10/19,10,1.507,26.163,26.564,20.011,9.663,9.811,13.86,13.929,85.043,85.468,9.25,1.879,0.334,3.356,4.402,0.124,0.094,0.045,16.11,318672,3.82,16928,25.98,53,133,22.4,1082,3.52,149,155,164,180,1.9,8479,2499,10978,319,372,2591,136,2727,0.554
16/10/19,10,1.507,26.407,26.811,20.004,9.03,9.168,13.953,14.024,84.937,85.367,9.309,1.906,0.331,3.409,4.173,0.113,0.093,0.036,15.69,259809,4.65,8892,21.64,23,65,22.8,1025,2.68,103,118,119,107,1.1,2711,769,3480,130,155,928,53,981,0.508
17/10/19,9.8,1.5,26.837,27.245,22.285,8.693,8.825,12.613,12.678,86.26,86.699,9.408,2.093,0.352,3.358,4.428,0.111,0.094,0.059,17.039,330104,3.78,16022,25.59,43,135,23.4,1075,3.54,153,163,156,178,2,8774,2602,11376,377,454,2705,156,2861,0.829
18/10/19,9.267,1.507,26.6,27.007,20.036,9.34,9.483,12.603,12.666,86.3,86.731,9.398,1.904,0.337,3.254,4.382,0.101,0.084,0.047,16.401,324058,3.84,16679,25.85,57,130,23.5,1073,3.6,165,177,178,200,2,8689,2628,11317,356,403,2548,147,2695,0.575
19/10/19,10.567,1.506,26.627,27.034,19.997,9.796,9.946,12.81,12.875,86.063,86.502,9.073,1.948,0.346,3.203,4.402,0.098,0.082,0.032,15.641,333299,3.82,18628,26.23,70,127,23.3,1090,3.57,130,129,137,161,2,7060,1781,8841,292,317,2019,120,2139,0.435
20/10/19,10.2,1.51,26.483,26.889,20.006,10.487,10.648,12.78,12.845,86.103,86.539,9.236,1.917,0.335,3.352,4.482,0.114,0.084,0.039,15.456,334653,3.82,17829,25.94,59,135,23.6,1086,3.57,135,138,139,157,2,9046,2698,11744,411,474,2884,170,3054,0.542
21/10/19,10.667,1.507,26.023,26.421,20.009,10.483,10.644,14.01,14.081,84.887,85.316,9.397,1.97,0.35,3.433,4.48,0.125,0.084,0.046,16.135,335691,3.86,17544,25.87,79,138,23.6,1084,3.61,131,129,140,160,2,8741,2900,11641,413,443,2882,186,3068,0.633
22/10/19,10.733,1.5,26.213,26.613,19.984,10.042,10.195,14.687,14.761,84.183,84.606,9.43,2.081,0.363,3.298,4.431,0.151,0.086,0.054,17.196,331635,3.9,17834,25.8,75,129,22.3,1090,3.65,134,142,149,170,2,6567,2166,8733,299,316,2109,146,2255,0.636
23/10/19,10.867,1.507,25.657,26.049,19.987,11.287,11.459,13.973,14.044,84.907,85.339,9.277,2.038,0.359,3.423,4.478,0.129,0.095,0.041,17.517,332781,5.52,2690,21.43,9,132,22.7,1042,3.49,90,91,95,104,2,6740,2128,8868,393,449,2848,199,3047,0.518
24/10/19,10,1.5,26.27,26.671,19.973,10.475,10.635,13.647,13.715,85.237,85.662,9.266,1.987,0.369,3.489,4.358,0.124,0.096,0.037,16.632,322011,4.48,697,20.88,4,129,23.3,984,3.13,78,76,79,86,1.6,7233,2252,9485,432,502,3073,216,3289,0.465
25/10/19,10.467,1.5,25.433,25.821,20.746,12.52,12.711,15.09,15.166,83.784,84.205,9.448,1.906,0.328,3.23,4.485,0.111,0.093,0.049,17.445,327308,3.4,4606,22.03,22,136,23.5,1016,3.17,80,81,78,82,1.6,7574,2160,9734,435,459,3073,218,3291,0.649
26/10/19,10.8,1.523,25.717,26.115,21.492,11.535,11.713,15.422,15.501,83.411,83.836,9.29,1.847,0.312,3.367,4.538,0.122,0.092,0.066,17.309,330894,3.64,6563,22.77,26,144,23.6,1052,3.4,120,125,118,132,1.9,7530,1870,9400,319,349,2732,192,2924,0.865
27/10/19,10.933,1.52,26.167,26.571,16.138,10.753,10.919,14.38,14.454,84.47,84.906,9.279,1.959,0.339,3.372,4.459,0.153,0.09,0.041,16.549,329783,3.92,16513,25.68,55,142,24.4,1060,3.68,138,137,135,152,2,9367,2407,11774,395,415,2797,197,2994,0.514
28/10/19,9.667,1.507,27.869,28.296,22.192,9.215,9.356,15.361,15.438,83.525,83.945,9.268,1.917,0.322,3.527,4.542,0.155,0.097,0.061,17.097,321046,3.75,19368,26.67,62,132,24.1,1076,3.51,137,135,149,166,1.8,9283,2292,11575,403,422,2841,200,3042,0.813
29/10/19,10.067,1.516,27.95,28.38,20.693,8.845,8.981,13.107,13.173,85.753,86.19,9.333,2.024,0.35,3.481,4.501,0.199,0.099,0.048,17.128,335800,3.93,19473,26.4,54,138,22.8,1083,3.68,127,123,134,148,2,9609,2773,12382,387,387,2841,200,3041,0.532
30/10/19,10.1,1.52,26.843,27.257,20.672,8.593,8.726,12.385,12.45,86.468,86.921,9.274,2.045,0.354,3.24,4.527,0.181,0.095,0.049,17.414,331861,3.95,21519,27.14,59,139,23.4,1078,3.7,130,126,133,149,2,9519,2846,12365,316,373,2775,194,2969,0.571
31/10/19,9.8,1.507,26.27,26.672,21.419,9.317,9.459,13.097,13.164,85.767,86.209,9.3,1.963,0.326,3.248,4.486,0.141,0.1,0.037,16.916,332024,3.94,21859,27.25,57,139,22.4,1070,3.68,135,132,143,159,2,9617,2701,12318,381,410,2777,196,2972,0.505
01/11/19,10.333,1.5,26.788,27.196,21.404,9.056,9.193,12.712,12.775,86.182,86.615,9.244,2.094,0.343,3.343,4.538,0.137,0.091,0.05,16.211,315844,3.79,21905,27.63,55,134,23.6,1074,3.55,146,140,142,159,1.9,8368,2406,10774,363,463,2606,184,2790,0.615
02/11/19,10.333,1.5,25.697,26.088,22.157,8.873,9.008,13.03,13.095,85.85,86.282,9.435,1.95,0.316,3.303,4.514,0.145,0.084,0.062,16.5,332878,3.66,19847,26.68,37,134,22.5,1063,3.42,145,145,138,155,1.8,9120,2560,11680,417,492,2975,204,3179,0.813
03/11/19,9.867,1.507,26.397,26.8,22.17,10.04,10.194,11.99,12.05,86.877,87.314,9.333,2.028,0.333,3.168,4.53,0.128,0.091,0.044,15.755,330014,3.92,21536,27.27,50,137,22.2,1065,3.68,137,131,132,152,2,9459,2789,0,388,0,2755,0,0,0.54
04/11/19,9.533,1.507,26.867,27.278,20.683,9.003,9.141,13.07,13.135,85.82,86.249,9.276,2.047,0.31,2.759,4.511,0.169,0.088,0.04,16.429,330310,3.93,21000,27.04,51,139,20.1,1080,3.69,134,123,132,149,2,7224,2135,9359,0,313,0,147,2238,0.464
05/11/19,9.067,1.5,26.437,26.839,19.908,9.33,9.472,12.687,12.75,86.203,86.634,9.354,2.013,0.308,3.155,4.481,0.159,0.09,0.041,16.148,318272,3.88,16700,25.95,48,137,19.7,1100,3.65,140,130,138,158,2,8824,2544,11368,361,383,2565,180,2745,0.505
06/11/19,9.067,1.5,27.283,27.699,20.657,10.347,10.504,12.85,12.915,86.037,86.469,9.117,2.029,0.3,3.093,4.41,0.148,0.084,0.032,17.383,293431,4.01,12495,24.46,33,125,19,1091,3.22,132,134,142,151,1.6,7938,2343,10281,323,339,2304,162,2467,0.42
07/11/19,9.333,1.499,25.777,26.17,19.907,9.905,10.056,12.183,12.245,86.72,87.159,9.247,2.004,0.307,3.093,4.447,0.153,0.088,0.038,16.328,334271,3.89,17911,26.03,45,137,16,1108,3.64,118,115,126,141,2,9537,2769,12306,204,239,2765,196,2961,0.497
08/11/19,9.533,1.5,27.647,28.068,19.899,9.393,9.536,12.87,12.935,85.983,86.418,9.225,2.106,0.33,3.166,4.413,0.145,0.096,0.034,16.669,330041,3.89,17834,26.14,40,139,15.2,1094,3.64,134,126,133,145,2,9231,2638,11869,384,419,2746,193,2939,0.463
09/11/19,9.6,1.5,26.573,26.978,21.375,9.73,9.878,13.023,13.089,85.86,86.292,9.311,1.975,0.344,3.556,4.431,0.168,0.094,0.058,16.921,321235,3.91,19837,26.97,38,136,17.5,1061,3.68,151,150,155,170,2,8437,2440,10877,354,398,2608,179,2787,0.719
10/11/19,9.667,1.5,25.827,26.22,19.896,9.847,9.997,13.053,13.118,85.833,86.262,9.301,1.934,0.338,3.075,4.458,0.182,0.103,0.051,16.464,314301,3.62,18336,26.56,34,132,19.7,1082,3.39,144,149,141,158,1.8,8030,2480,10510,381,470,2742,193,2935,0.666
11/11/19,8.933,1.509,26.364,26.768,19.889,9.575,9.722,13.151,13.217,85.743,86.174,9.457,1.949,0.33,3.23,4.347,0.14,0.093,0.043,16.515,244283,4.82,2432,20.66,6,54,20.7,1013,2.28,115,126,125,137,0.8,909,264,1173,51,56,365,26,390,0.66
12/11/19,9.267,1.5,26.007,26.403,20.611,9.567,9.713,13.781,13.851,85.109,85.537,9.29,1.91,0.355,2.967,4.277,0.192,0.103,0.055,16.984,324237,3.66,11784,24.29,23,132,19.5,1079,3.23,119,115,133,143,1.7,7835,2437,10272,400,424,2867,197,3064,0.763
13/11/19,9.6,1.5,26.197,26.596,20.114,9.573,9.719,13.69,13.759,85.18,85.608,9.16,1.961,0.375,3.075,4.419,0.233,0.1,0.053,17.616,335186,3.76,16495,25.62,31,133,17.6,1079,3.51,135,137,145,161,2,8865,2479,11344,417,434,2926,206,3133,0.656
14/11/19,9.2,1.52,26.573,26.984,19.87,9.383,9.528,13.043,13.11,85.837,86.277,9.469,1.978,0.362,3.166,4.344,0.208,0.103,0.047,17.646,323488,3.82,19198,26.61,43,130,16.6,1096,3.57,130,129,136,154,2,8851,2536,11387,394,451,2756,194,2950,0.625
15/11/19,9.067,1.513,27.747,28.173,20.588,8.613,8.746,13.303,13.372,85.56,86.002,9.258,2.159,0.374,2.963,4.238,0.189,0.111,0.033,17.443,324201,3.78,14367,25.2,40,133,17.6,1095,3.54,152,155,166,179,2,8361,2234,10595,369,392,2583,182,2765,0.433
16/11/19,9.067,1.5,28.353,28.785,19.844,8.729,8.862,13.3,13.369,85.573,86.015,9.531,2.114,0.361,2.819,4.285,0.178,0.116,0.041,17.39,330161,3.86,13065,24.72,43,138,17.9,1098,3.63,166,172,196,204,2,8324,2109,10433,369,420,2584,182,2766,0.524
17/11/19,9.067,1.5,27.037,27.448,19.856,8.453,8.582,12.94,13.005,85.953,86.382,9.102,2.119,0.352,2.767,4.312,0.13,0.104,0.044,17.459,331362,4.59,5487,22.69,13,141,20,1099,3.53,174,186,205,218,2,7646,1845,9491,437,438,3027,214,3241,0.539
18/11/19,9.067,1.5,27.734,28.157,19.851,8.378,8.505,12.349,12.411,86.551,86.986,9.218,2.16,0.378,2.98,4.43,0.13,0.115,0.061,17.68,301840,4.22,0,20.57,0,57,20,1092,3.1,126,154,130,164,1.7,1103,254,1357,65,65,454,32,486,0.72
19/11/19,9.533,1.497,26.727,27.133,20.551,9.01,9.147,12.14,12.201,86.747,87.18,9.159,2.086,0.384,2.883,4.346,0.131,0.101,0.074,17.997,226371,3.07,0,20.66,0,85,18.6,1022,1.7,139,140,142,158,0.4,3913,1095,5008,175,203,976,0,976,0.974
20/11/19,9,1.5,27.147,27.56,20.687,9.328,9.47,12.021,12.082,86.865,87.302,9.225,2.165,0.382,2.913,4.368,0.144,0.084,0.098,18.902,250281,2.47,0,20.71,0,87,17.6,1012,2.37,157,158,176,185,1,3406,921,4327,236,264,874,0,874,1.502
21/11/19,9.267,1.507,26.897,27.308,22.037,10.33,10.488,13.557,13.626,85.31,85.745,9.29,2.045,0.374,3.051,4.401,0.117,0.092,0.061,18.251,329578,3.42,3326,22.01,4,137,17.2,1047,3.38,160,161,190,194,1.8,7686,2195,9881,444,456,1644,0,1644,0.844
22/11/19,9.267,1.5,27.236,27.651,22.025,9.803,9.953,13.284,13.351,85.603,86.033,9.218,1.981,0.349,2.94,4.359,0.108,0.094,0.061,17.698,296163,4.15,8848,23.5,17,127,17.6,1042,3.14,147,142,168,175,1.6,7530,2224,9754,370,412,1357,0,1357,0.761
23/11/19,9.067,1.507,26.26,26.662,19.859,9.657,9.804,13.227,13.293,85.667,86.097,9.261,2.068,0.339,2.884,4.315,0.122,0.106,0.04,17.292,341029,3.89,12662,24.51,35,140,16.9,1090,3.65,147,147,169,185,2,9124,2559,11683,417,439,1527,0,1527,0.528
24/11/19,9,1.5,26.18,26.579,19.862,9.797,9.946,13.337,13.403,85.56,85.987,9.16,2.048,0.328,2.803,4.375,0.112,0.109,0.05,17.412,333810,3.84,12868,24.66,29,137,17.7,1028,3.6,166,176,184,200,2,8602,2338,10940,409,414,1484,0,1484,0.628
25/11/19,9.267,1.513,26.817,27.229,22.011,9.893,10.045,13.46,13.529,85.417,85.855,9.106,2.095,0.352,2.725,4.268,0.096,0.111,0.048,18.191,345852,3.96,18878,26.2,39,137,16.5,1061,3.69,166,158,162,186,2,9541,2594,12135,361,377,1571,0,1571,0.604
26/11/19,9.2,1.503,26.165,26.564,22.017,10.809,10.974,13.118,13.185,85.755,86.195,9.117,2.067,0.373,2.878,4.243,0.079,0.099,0.044,18.676,320676,4.1,12482,24.03,27,120,16.6,1060,3.28,130,128,140,153,1.7,7617,1999,9616,347,371,1275,0,1275,0.543
27/11/19,9.467,1.5,26.378,26.78,19.837,9.703,9.851,12.653,12.717,86.233,86.667,9.073,2.021,0.372,3.013,4.203,0.086,0.102,0.039,18.523,307644,4.05,10720,23,22,100,17.1,1064,3.04,139,133,131,153,1.5,5722,1416,7138,290,302,1059,0,1059,0.453
28/11/19,9.067,1.507,26.561,26.968,19.868,8.08,8.204,13.223,13.29,85.661,86.1,9.182,2.099,0.382,2.835,4.299,0.097,0.106,0.046,18.416,336822,3.79,15115,25.21,40,134,17.3,1097,3.53,105,110,109,119,2,9018,2379,11397,449,486,1644,0,1644,0.554
29/11/19,9.6,1.5,26.247,26.646,19.809,9.657,9.804,13.03,13.095,85.867,86.298,9.311,2.052,0.392,3.02,4.348,0.093,0.107,0.048,19.254,337034,3.77,18030,25.74,63,134,18.8,1099,3.51,117,122,135,145,2,9226,2467,11693,449,480,1630,0,1630,0.513
30/11/19,9.333,1.507,26.217,26.618,19.803,9.463,9.608,13.19,13.256,85.687,86.114,9.225,2.047,0.373,2.912,4.367,0.088,0.102,0.062,19.334,331403,3.71,18303,25.79,77,132,18.8,1093,3.46,134,138,148,164,1.9,9019,2568,11587,440,460,1587,0,1587,0.695
01/12/19,9.2,1.5,25.877,26.271,19.801,9.847,9.997,12.753,12.817,86.133,86.566,9.203,2.191,0.404,2.9,4.219,0.081,0.1,0.054,19.314,334843,3.76,17952,25.64,79,133,18.5,1094,3.52,146,152,172,181,2,0,0,0,0,0,0,0,0,0.676
02/12/19,9.133,1.5,26.11,26.508,19.791,9.737,9.885,13.263,13.329,85.633,86.061,9.316,2.377,0.412,2.734,4.417,0.099,0.102,0.064,20.679,346962,3.86,18831,25.66,78,134,16.5,1100,3.6,156,159,175,185,2,0,0,0,0,0,0,0,0,0.697
03/12/19,9.533,1.5,25.468,25.856,20.516,9.895,10.046,12.727,12.791,86.167,86.6,9.203,2.372,0.414,2.783,4.425,0.137,0.108,0.074,20.883,346763,3.89,20151,26.12,78,135,16.1,1074,3.63,159,158,178,194,2,0,0,0,0,0,0,0,0,0.788
04/12/19,9.367,1.5,25.897,26.291,19.796,10.047,10.2,13.607,13.676,85.28,85.711,9.225,2.346,0.416,2.84,4.454,0.149,0.109,0.061,20.019,343493,3.86,20229,26.17,81,132,15.6,1094,3.6,134,126,141,157,2,0,0,0,0,0,0,0,0,0.641
05/12/19,9.367,1.5,25.351,25.738,19.787,10.227,10.382,14.32,14.392,84.573,84.998,9.361,2.303,0.417,2.924,4.274,0.148,0.114,0.048,18.907,341110,3.87,19623,26.1,77,132,13.9,1097,3.61,128,124,143,150,2,0,0,0,0,0,0,0,0,0.527
06/12/19,9.467,1.5,25.027,25.408,20.49,9.875,10.025,14.285,14.357,84.608,85.033,9.257,2.293,0.42,2.902,4.357,0.148,0.114,0.062,20,338548,3.83,19931,26.46,76,131,12.9,1091,3.58,131,128,142,155,2,0,0,0,0,0,0,0,0,0.658
07/12/19,8.933,1.5,25.493,25.882,19.808,10.18,10.335,14.577,14.65,84.303,84.727,9.184,2.285,0.426,2.964,4.245,0.215,0.119,0.048,19.794,345052,3.87,19339,26.33,67,132,16.1,1096,3.61,111,106,115,131,2,0,0,0,0,0,0,0,0,0.537
08/12/19,9.133,1.503,26.263,26.664,19.775,9.99,10.142,13.93,13.999,84.943,85.368,9.246,2.291,0.413,2.872,4.32,0.137,0.116,0.061,19.648,333669,3.65,8486,23.62,43,135,17.4,1096,3.4,162,150,165,185,1.9,0,0,0,0,0,0,0,0,0.675
09/12/19,9.6,1.5,26.283,26.684,19.832,10.267,10.423,14.353,14.425,84.54,84.965,9.263,2.337,0.407,2.58,3.99,0.16,0.125,0.055,20.16,249667,4.16,77,20.65,0,49,16.6,981,2.19,120,101,149,157,0.7,0,0,0,0,0,0,0,0,0.74
10/12/19,9.6,1.5,26.753,27.161,19.79,10.069,10.223,14.879,14.954,83.987,84.41,9.266,2.366,0.407,2.845,4.14,0.153,0.13,0.068,20.441,298323,4.39,4607,21.12,9,108,16.7,1052,3.09,155,146,163,184,1.5,0,0,0,0,0,0,0,0,0.788
11/12/19,9.2,1.5,26.244,26.644,19.74,9.671,9.819,15.079,15.155,83.814,84.235,9.268,2.438,0.406,2.693,4.123,0.128,0.123,0.064,20.052,303190,3.63,17232,26.5,64,127,16.8,1073,3.41,121,116,132,149,1.8,0,0,0,0,0,0,0,0,0.733
12/12/19,9.4,1.5,25.706,26.097,20.489,10.735,10.898,13.803,13.873,85.083,85.511,9.179,2.15,0.388,3.074,4.38,0.08,0.12,0.02,0,202238,4.05,6016,20.89,20,58,16,1003,2.66,169,172,178,177,1.1,0,0,0,0,0,0,0,0,0.24
13/12/19,9.6,1.5,26.961,27.371,19.735,10.149,10.304,13.518,13.586,85.355,85.784,9.123,2.144,0.394,2.936,3.82,0.07,0.143,0.01,0,73133,3.14,0,20.66,0,80,17.4,1016,2.03,228,210,242,238,0.4,0,0,0,0,0,0,0,0,0.13
14/12/19,9.4,1.5,26.69,27.096,19.731,10.003,10.156,14.186,14.257,84.701,85.127,9.095,2.062,0.388,3.217,0,0,0,0,0,11982,1.7,0,20.01,0,30,16.5,910,1.04,75,69,95,103,0.2,0,0,0,0,0,0,0,0,0
15/12/19,9.467,1.517,26.72,27.132,19.739,10.263,10.421,14.15,14.221,84.747,85.176,9.052,2.023,0.384,2.708,0,0,0,0,0,0,1.32,0,20.21,0,45,16,0,0,136,110,169,139,0,0,0,0,0,0,0,0,0,0
16/12/19,9.333,1.503,25.79,26.183,19.757,10.023,10.176,14.163,14.234,84.727,85.15,9.16,2.26,0.397,2.867,0,0,0,0,0,0,1.07,0,20.14,0,39,16.2,0,0,135,100,101,147,0,0,0,0,0,0,0,0,0,0
17/12/19,9.2,1.5,25.32,25.705,19.728,10.353,10.511,13.47,13.537,85.417,85.846,9.138,2.15,0.382,2.895,0,0,0,0,0,5740,0.76,0,20.06,0,31,16.5,0,0.81,78,60,60,87,0,0,0,0,0,0,0,0,0,0
18/12/19,9.133,1.497,25.273,25.657,19.741,10.267,10.423,13.52,13.588,85.37,85.796,8.965,2.197,0.381,2.988,4.05,0.1,0.15,0.028,20.16,0,0.68,0,20.04,0,49,17.2,0,0,136,96,116,146,0,0,0,0,0,0,0,0,0,0.85
19/12/19,8.933,1.497,25.047,25.427,19.743,10.647,10.808,14.63,14.703,84.26,84.681,9.182,2.233,0.364,2.773,2.95,0.15,0.16,0.207,0,0,0.64,0,20.1,0,53,16.6,0,0,150,120,153,164,0,0,0,0,0,0,0,0,0,3.48
20/12/19,9.067,1.507,25.483,25.873,19.722,10.427,10.586,14.24,14.312,84.663,85.095,9.897,2.333,0.388,2.919,0,0,0,0,20.057,0,0.69,0,20.18,0,49,16.2,0,0,161,113,176,174,0,0,0,0,0,0,0,0,0,0
21/12/19,9,1.5,25.543,25.932,19.712,10.827,10.992,14.01,14.081,84.883,85.31,10.024,2.404,0.4,2.714,4.01,1,0.15,0.079,19.758,0,0.9,0,20.34,0,67,16.4,0,0,224,233,281,262,0,0,0,0,0,0,0,0,0,1.76
22/12/19,8.733,1.497,25.823,26.216,21.896,10.663,10.825,14.047,14.117,84.837,85.263,10.322,2.207,0.392,2.985,3.81,0.4,0.155,0.044,18.51,0,0.78,0,20.23,0,48,15.6,0,0,154,197,241,195,0,0,0,0,0,0,0,0,0,1.425
23/12/19,9.267,1.5,25.637,26.027,19.703,10.667,10.829,14.817,14.891,84.07,84.492,9.72,2.242,0.385,3.197,3.567,0.31,0.15,0.092,21.073,0,1.15,0,20.53,0,65,15.5,0,0,266,306,333,331,0,0,0,0,0,0,0,0,0,2.32
24/12/19,8.667,1.493,26.093,26.489,20.435,10.147,10.3,14.247,14.318,84.647,85.069,10.107,2.282,0.401,3.567,3.883,0.403,0.133,0.143,21.575,0,0.77,0,20.23,0,43,14,0,0,172,186,190,204,0,0,0,0,0,0,0,0,0,3.17
25/12/19,9.167,1.507,25.92,26.316,19.695,10.593,10.755,14.453,14.527,84.433,84.863,10.342,2.393,0.405,3.012,3.94,0.293,0.128,0.11,20.608,0,1.32,0,20.64,0,75,15.2,0,0,266,301,344,319,0,0,0,0,0,0,0,0,0,2.018
26/12/19,9.2,1.5,25.883,26.278,20.396,10.073,10.227,14.852,14.926,84.042,84.464,10.175,2.321,0.396,2.936,4.07,0.186,0.126,0.133,21.488,0,1.2,0,20.51,0,63,16.8,0,0,196,207,255,239,0,0,0,0,0,0,0,0,0,2.45
27/12/19,9.367,1.5,25.937,26.331,19.714,9.977,10.128,14.53,14.603,84.357,84.78,10.05,2.463,0.418,2.877,4.031,0.149,0.113,0.147,21.568,0,1.61,0,20.68,0,84,17.7,0,0,291,281,310,317,0,0,0,0,0,0,0,0,0,2.637
28/12/19,9,1.5,25.55,25.939,20.027,10.95,11.117,14.638,14.711,84.255,84.679,10.21,2.386,0.403,2.87,3.96,0.143,0.128,0.178,23.17,0,1.17,0,20.47,0,57,12.4,0,0,210,225,217,205,0,0,0,0,0,0,0,0,0,2.645
29/12/19,8.8,1.497,25.33,25.715,20.72,10.267,10.423,14.15,14.221,84.743,85.166,10.298,2.502,0.413,2.857,4.123,0.143,0.112,0.206,23.034,0,1.53,0,20.76,0,80,11,0,0,259,246,248,272,0,0,0,0,0,0,0,0,0,3.207
30/12/19,8.867,1.5,25.304,25.69,21.967,10.142,10.296,14.672,14.745,84.215,84.638,10.507,2.477,0.415,2.724,4.12,0.136,0.106,0.144,21.61,189787,1.29,0,20.54,0,66,12.1,1000,1.68,170,163,155,160,0.4,0,0,0,0,0,0,0,0,2.659
31/12/19,9,1.5,25.75,26.142,23.235,10.76,10.924,14.949,15.024,83.945,84.367,9.973,2.458,0.427,2.792,4.278,0.127,0.116,0.123,21.703,207334,1.87,0,20.81,0,92,13.3,996,1.88,165,168,167,171,0.5,0,0,0,0,0,0,0,0,1.618
01/01/20,9.067,1.5,25.56,25.949,20.754,10.54,10.701,14.65,14.724,84.237,84.66,10.502,2.388,0.408,2.724,4.403,0.128,0.107,0.126,20.712,205038,1.93,0,20.77,0,90,15.2,997,1.79,159,164,164,173,0.5,4175,1211,5386,0,45,987,0,987,1.574
02/01/20,9.067,1.5,26.417,26.819,21.85,10.18,10.335,14.243,14.315,84.647,85.069,9.705,2.518,0.455,3.165,4.483,0.107,0.1,0.091,21.22,208932,1.91,0,20.77,1,91,15,1011,1.75,144,152,153,157,0.5,4325,1201,5526,0,12,1013,0,1013,1.281
03/01/20,9,1.5,26.31,26.711,21.854,10.447,10.606,14.359,14.431,84.528,84.952,9.739,2.632,0.475,3.013,4.537,0.112,0.098,0.102,22.526,205604,1.91,0,20.78,0,90,16.9,995,1.73,155,164,161,162,0.5,4119,1112,0,0,0,962,0,0,1.526
04/01/20,9.067,1.497,25.49,25.877,21.849,10.517,10.677,14.227,14.298,84.663,85.086,9.814,2.671,0.492,2.983,4.407,0.112,0.102,0.102,22.338,219973,1.43,0,20.67,0,67,17.3,995,1.7,139,132,145,138,0.5,2733,746,3479,0,14,0,0,640,1.375
05/01/20,8.933,1.5,25.72,26.112,20.358,10.543,10.704,14.253,14.325,84.617,85.042,9.998,2.691,0.475,2.92,4.227,0.078,0.083,0.054,21.152,291554,2.42,0,20.95,0,116,21.2,1016,2.48,180,181,182,190,1.2,6298,1758,8056,0,49,1441,0,1441,0.679
06/01/20,9,1.5,25.617,26.007,20.046,10.75,10.914,14.52,14.593,84.357,84.781,10.03,2.589,0.43,2.869,4.406,0.103,0.101,0.097,21.899,243215,1.98,0,20.82,0,85,19.3,1026,1.81,178,177,170,178,0.6,3970,839,4809,0,43,882,0,882,1.604
07/01/20,9.067,1.5,25.684,26.075,23.447,10.38,10.538,14.75,14.824,84.143,84.566,9.762,2.604,0.441,2.878,4.448,0.111,0.099,0.094,21.347,236822,2.08,0,20.89,0,97,19.3,983,1.89,181,182,180,188,0.7,5247,1150,6397,0,81,1205,0,1205,1.451
08/01/20,9,1.5,25.49,25.879,23.184,10.336,10.493,14.537,14.611,84.353,84.783,9.48,2.7,0.454,2.95,4.382,0.11,0.099,0.075,20.798,276170,2.36,0,20.97,0,113,19.5,1004,2.3,141,158,155,150,0.9,6280,1467,7747,0,19,1481,0,1481,0.97
09/01/20,9.067,1.5,25.333,25.719,20.658,10.753,10.917,14.093,14.164,84.797,85.223,9.715,2.518,0.43,2.946,4.484,0.113,0.103,0.059,19.719,284137,2.7,0,21,0,120,21.9,1005,2.62,172,194,187,187,1.3,6536,1521,8057,0,5,1511,0,1511,0.688
10/01/20,8.8,1.5,24.87,25.249,20.975,10.51,10.67,14.413,14.486,84.467,84.891,9.923,2.388,0.388,2.968,4.467,0.123,0.097,0.055,17.963,294264,2.99,0,21.01,0,123,22.4,996,2.91,182,188,193,209,1.5,6709,1533,8242,109,136,1537,0,1537,0.654
11/01/20,8.8,1.5,25.273,25.658,22.228,10.263,10.42,14.753,14.827,84.14,84.563,9.766,2.428,0.395,2.966,4.448,0.133,0.097,0.064,17.926,258412,2.6,0,20.97,0,98,20.5,1000,2.48,190,215,192,200,1.2,4730,908,5638,97,111,1051,0,1051,0.806
12/01/20,8.467,1.5,25.527,25.916,25.187,10.217,10.372,14.587,14.66,84.297,84.72,10.051,2.292,0.399,3.155,4.526,0.114,0.093,0.044,17.483,266332,2.55,0,20.96,0,109,17.5,1022,2.32,230,254,252,244,1,5873,1087,6960,71,125,1323,0,1323,0.569
13/01/20,8.933,1.5,25.28,25.665,21.488,9.878,10.029,14.499,14.572,84.394,84.819,10.377,2.21,0.417,3.213,4.485,0.135,0.08,0.117,18.745,216361,1.39,0,20.96,0,42,19.4,979,2.03,178,227,202,217,0.8,436,84,520,0,2,100,0,100,1.44
14/01/20,8.933,1.5,25.303,25.689,25.182,10.006,10.158,14.067,14.138,84.827,85.253,10.15,2.238,0.407,3.19,4.45,0.123,0.09,0.089,18.112,255385,1.65,0,20.96,0,83,20,994,2.11,207,228,216,239,0.9,4200,783,4983,1,34,943,0,943,1.25
15/01/20,8.933,1.5,25.704,26.095,25.194,10.119,10.273,14.043,14.114,84.85,85.277,10.144,2.209,0.399,3.181,4.52,0.133,0.085,0.119,20.334,258036,3.59,10,20.96,0,111,19.3,957,2.44,241,241,233,264,1.1,5161,1190,6351,0,75,1172,0,1172,1.756
16/01/20,9.067,1.507,26.2,26.6,20.643,10.143,10.298,14.167,14.239,84.72,85.152,10.078,2.504,0.431,3.238,4.475,0.117,0.078,0.099,20.606,294420,4.84,0,20.98,0,122,20.2,940,2.75,194,203,186,206,1.4,6083,1520,7603,0,22,1391,0,1391,1.364
17/01/20,9.2,1.507,25.437,25.826,23.827,10.553,10.715,14.193,14.266,84.687,85.118,9.968,2.545,0.441,3.199,4.499,0.106,0.074,0.086,19.755,295914,4,0,21,1,119,21.6,967,2.65,178,174,194,212,1.3,6349,1620,7969,0,57,1410,0,1410,1.018
18/01/20,9.067,1.493,25.867,26.259,23.088,10.467,10.625,14.44,14.512,84.453,84.878,9.946,2.516,0.444,3.184,4.533,0.108,0.079,0.087,20.4,313262,3.63,0,21.04,1,129,21.8,976,2.87,168,175,165,195,1.5,6999,1811,8810,110,184,1658,0,1658,1.054
19/01/20,9.067,1.5,25.342,25.728,23.663,10.285,10.442,14.04,14.111,84.853,85.28,10.051,2.638,0.445,3.278,4.278,0.123,0.093,0.095,21.769,327259,3.4,0,21.06,0,134,22.4,966,2.92,157,163,142,180,1.6,7430,1914,9344,154,203,1773,0,1773,1.09
20/01/20,9,1.5,25.943,26.338,25.489,10.146,10.301,14.127,14.198,84.767,85.193,10.052,2.6,0.45,3.327,4.456,0.128,0.092,0.083,20.68,336429,3.36,0,21.09,1,136,22.6,1008,3.05,147,148,173,193,1.7,8093,1814,9907,160,233,1867,0,1867,0.912
21/01/20,9.133,1.5,25.923,26.318,24.049,10.447,10.606,14.127,14.197,84.76,85.186,9.869,2.567,0.436,3.238,4.505,0.123,0.089,0.08,20.441,311251,4.61,361,21.17,4,122,22,987,2.79,156,151,182,186,1.5,6819,1601,8420,132,190,1552,0,1552,0.92
22/01/20,8.933,1.5,25.585,25.975,25.208,10.41,10.569,14.304,14.376,84.589,85.014,9.741,2.52,0.414,3.173,4.45,0.124,0.087,0.076,19.88,344511,3.87,3242,22.14,9,139,22.3,982,3.28,155,154,159,186,1.9,8819,2086,10905,38,93,1824,0,1824,0.901
23/01/20,8.8,1.507,25.59,25.981,25.168,10.323,10.481,14.17,14.241,84.703,85.129,10.497,2.497,0.396,3.164,4.476,0.133,0.088,0.059,19.13,346242,3.75,11692,24.36,40,139,22.8,1079,3.49,121,134,121,136,2,9596,2136,11732,168,180,1760,0,1760,0.658
24/01/20,8.933,1.5,25.507,25.895,20.639,10.4,10.558,14.143,14.215,84.713,85.145,10.45,2.498,0.403,3.261,4.455,0.14,0.09,0.079,18.599,338546,3.81,16996,25.99,48,135,22.4,1069,3.56,128,149,127,149,2,9810,2151,11961,54,77,1704,0,1704,0.837
25/01/20,9,1.5,25.723,26.115,21.39,10.047,10.2,14.153,14.224,84.733,85.159,10.373,2.528,0.386,3.055,4.53,0.135,0.091,0.068,18.403,339404,3.8,18286,26.18,43,133,22.9,1065,3.56,110,126,113,132,2,10180,2283,12463,85,111,1771,0,1771,0.746
26/01/20,8.933,1.5,25.562,25.951,22.145,10.237,10.393,14.049,14.119,84.844,85.271,10.696,2.488,0.4,3.063,4.524,0.128,0.092,0.054,18.036,339997,3.77,18409,26.02,47,132,23.4,1057,3.52,121,136,124,148,2,9771,2270,12041,107,139,1696,0,1696,0.585
27/01/20,9.2,1.5,25.012,25.393,25.158,10.125,10.279,14.148,14.219,84.746,85.171,10.636,2.311,0.404,3.259,4.466,0.113,0.097,0.054,18.152,338095,3.76,19389,26.29,53,134,24.4,1082,3.51,128,148,134,156,2,10139,2222,12361,110,151,1754,0,1754,0.565
28/01/20,9.067,1.5,25.823,26.217,24.026,10.307,10.463,14.44,14.513,84.443,84.868,10.788,2.264,0.412,3.235,4.525,0.129,0.098,0.063,18.276,331286,3.73,17274,25.8,45,130,23.5,1062,3.49,142,156,139,166,2,9330,2166,11496,108,168,1665,0,1665,0.679
29/01/20,9.133,1.497,26.423,26.825,18.751,9.19,9.33,14.61,14.683,84.267,84.687,10.794,2.278,0.411,3.271,4.491,0.129,0.098,0.057,18.014,333183,3.91,17365,25.76,46,132,23.6,1076,3.53,110,126,118,132,1.9,9969,2243,12212,109,165,1719,0,1719,0.586
30/01/20,9.067,1.5,26.153,26.552,21.312,9.677,9.824,13.87,13.94,85.02,85.447,11.254,2.286,0.383,3.04,4.454,0.138,0.104,0.059,18.098,335895,3.86,20375,26.69,47,131,24.2,1070,3.62,123,139,124,144,2,9934,2205,12139,109,131,1708,0,1708,0.596
31/01/20,9.133,1.5,25.793,26.186,20.407,9.377,9.52,13.903,13.973,84.99,85.417,10.872,2.347,0.396,3.126,4.418,0.155,0.107,0.078,18.054,337582,3.78,17434,26.07,40,129,23.8,1056,3.55,137,152,140,161,2,9374,2085,11459,112,182,1764,0,1764,0.788
01/02/20,9.4,1.5,26.377,26.778,19.099,9.547,9.692,12.63,12.693,86.263,86.697,11.111,2.224,0.359,3.064,4.497,0.12,0.115,0.061,17.896,303315,5.03,1599,21.2,2,85,23.1,989,2.75,123,128,111,127,1.3,3950,896,4846,50,83,863,0,863,0.707
02/02/20,8.9,1.5,26.427,26.829,20.391,9.477,9.621,12.597,12.66,86.28,86.714,10.708,2.278,0.384,3.224,4.515,0.135,0.107,0.058,18.377,348742,3.77,12244,24.51,24,138,23,1046,3.52,125,141,129,144,2,9679,2281,11960,132,168,1777,0,1777,0.574
03/02/20,9.067,1.507,26.67,27.078,21.331,9.477,9.622,12.867,12.932,86.027,86.465,10.782,2.318,0.407,3.193,4.454,0.142,0.114,0.054,18.164,347285,3.83,17650,25.99,43,134,23.2,1087,3.57,116,133,121,141,2,10047,2579,0,134,0,1737,0,0,0.532
04/02/20,8.667,1.507,26.383,26.787,17.793,9.587,9.733,13.1,13.166,85.78,86.211,10.846,2.266,0.409,3.232,4.482,0.133,0.108,0.076,18.304,329489,3.7,17804,26.31,43,129,22.9,1080,3.46,129,146,130,157,1.8,9467,2451,11918,0,180,0,0,1626,0.74
05/02/20,9.267,1.5,26.322,26.723,20.961,9.443,9.587,12.907,12.971,85.987,86.419,10.695,2.285,0.415,3.31,4.396,0.102,0.105,0.057,18.462,347357,3.83,18024,26.07,44,136,23.3,1092,3.56,111,122,120,142,2,9979,2453,12432,130,229,1716,0,1716,0.579
06/02/20,9.067,1.5,26.619,27.024,20.026,9.52,9.665,13.075,13.141,85.818,86.249,10.471,2.381,0.367,3.11,4.385,0.094,0.105,0.051,18.387,346309,3.86,18950,26.34,47,137,23.4,1090,3.6,108,119,112,135,2,10473,2540,13013,134,166,1776,0,1776,0.531
07/02/20,8.733,1.5,26.536,26.94,21.547,9.507,9.651,13.079,13.145,85.814,86.245,10.825,2.422,0.368,3.163,4.513,0.095,0.099,0.053,17.444,343580,3.88,18979,26.51,48,134,22.6,1081,3.63,128,139,125,148,2,10235,2321,12556,113,134,1725,0,1725,0.559
08/02/20,9.067,1.5,26.405,26.807,22.703,9.619,9.765,12.611,12.674,86.283,86.716,10.738,2.398,0.376,3.172,4.49,0.098,0.103,0.058,16.086,338561,4.11,13467,24.22,7,115,21.7,1057,3.21,121,131,122,142,1.7,8109,1962,10071,105,139,1586,0,1586,0.644
09/02/20,9.133,1.507,26.263,26.665,14.848,9.587,9.734,12.803,12.868,86.083,86.522,10.128,2.376,0.36,3.154,4.483,0.097,0.106,0.057,15.767,352642,3.86,17140,25.9,0,132,20.3,1077,3.6,110,126,114,137,2,10400,2609,13009,146,177,1783,0,1783,0.597
10/02/20,9.067,1.5,26.693,27.099,23.994,9.122,9.261,12.757,12.821,86.136,86.569,10.237,2.371,0.358,2.943,4.465,0.099,0.1,0.062,15.405,336586,3.67,17745,26.3,28,128,20.2,1088,3.42,111,121,111,131,1.9,9894,2591,12485,136,170,1662,0,1662,0.691
11/02/20,8.867,1.5,26.54,26.944,15.823,9.423,9.567,12.463,12.526,86.43,86.864,10.128,2.442,0.357,2.967,4.499,0.085,0.099,0.058,15.181,336301,3.76,17696,26.15,45,131,17.2,1086,3.51,119,130,115,132,2,9949,2485,12434,132,161,1637,0,1637,0.744
12/02/20,9.067,1.5,26.745,27.152,19.995,9.249,9.39,12.886,12.951,86.001,86.433,10.677,2.41,0.367,2.965,4.49,0.065,0.088,0.042,15.684,348064,3.84,18866,26.34,50,135,16.5,1078,3.58,115,128,119,132,2,10542,2571,13113,144,174,1733,0,1733,0.524
13/02/20,9.133,1.5,27.142,27.555,22.099,9.281,9.423,12.927,12.992,85.966,86.398,11.072,2.632,0.428,3.182,4.477,0.057,0.093,0.04,16.678,329231,3.78,16255,25.9,46,133,16.5,1085,3.54,121,137,127,148,2,9321,2686,12007,130,155,1576,0,1576,0.496
14/02/20,9,1.5,26.95,27.361,21.679,9.777,9.926,12.963,13.029,85.913,86.345,10.965,2.55,0.418,3.265,4.462,0.064,0.103,0.049,17.811,319267,3.83,16573,26.11,48,133,17.2,1083,3.61,154,173,141,171,2,8392,2713,11105,218,246,1464,0,1464,0.586
15/02/20,9.067,1.5,26.454,26.857,21.312,9.64,9.787,12.891,12.956,86.003,86.435,10.617,2.604,0.423,3.114,4.379,0.065,0.112,0.041,18.476,327686,3.78,18759,26.63,56,132,18.2,1072,3.54,126,143,130,153,2,8873,2977,11850,257,281,1564,0,1564,0.498
16/02/20,9.067,1.5,26.295,26.696,23.476,9.383,9.526,12.91,12.975,85.983,86.415,10.537,2.523,0.403,3.258,4.397,0.07,0.102,0.038,17.749,328860,3.82,17941,26.33,58,133,17.4,1078,3.58,124,136,137,164,2,8731,2956,11687,252,277,1539,0,1539,0.498
17/02/20,9,1.5,26.47,26.873,22.104,9.47,9.614,13.127,13.193,85.76,86.191,10.277,2.799,0.457,3.206,4.436,0.056,0.095,0.039,19.134,340434,3.82,16272,25.67,62,136,17.5,1091,3.57,143,162,138,169,2,8986,2988,11974,259,350,1575,0,1575,0.498
18/02/20,9.067,1.5,25.899,26.294,25.153,9.468,9.612,12.812,12.877,86.081,86.513,10.45,2.653,0.402,3.12,4.474,0.064,0.098,0.046,17.998,335322,3.81,16389,25.75,57,135,18,1085,3.57,166,183,160,188,2,8773,2821,11594,249,305,1516,0,1516,0.627
19/02/20,8.9,1.5,26.166,26.564,24.36,8.929,9.065,12.672,12.736,86.221,86.654,9.922,2.665,0.422,3.24,4.513,0.065,0.089,0.053,18.051,331102,3.84,16372,25.81,57,134,17.3,1069,3.6,156,174,163,195,2,8623,2820,11443,245,264,1502,0,1502,0.634
20/02/20,8.733,1.493,25.82,26.211,24.36,9.14,9.279,12.93,12.995,85.96,86.389,10.052,2.614,0.403,3.354,4.461,0.058,0.105,0.047,19.193,334829,3.85,16042,25.65,61,137,17.2,1074,3.61,157,174,159,198,2,8712,2897,11609,248,326,1514,0,1514,0.633
21/02/20,9.067,1.5,25.773,26.166,24.357,9.217,9.357,12.7,12.764,86.193,86.627,10.429,2.687,0.421,3.124,4.422,0.106,0.098,0.048,18.546,332616,3.83,15722,25.55,59,135,16.6,1090,3.59,159,177,160,189,2,8610,2821,11431,245,261,1490,0,1490,0.611
22/02/20,9.067,1.5,26.59,26.995,20.57,9.337,9.479,12.697,12.761,86.197,86.63,10.258,2.593,0.44,3.462,4.422,0.121,0.106,0.06,20.109,329140,3.87,15689,25.63,61,134,15.6,1080,3.64,152,164,163,193,2,8607,2895,11502,247,308,1456,0,1456,0.695
23/02/20,8.767,1.5,26.667,27.073,20.568,9.46,9.604,12.643,12.707,86.247,86.68,10.213,2.659,0.436,3.407,4.466,0.1,0.106,0.06,20.807,300363,3.81,10874,24.25,40,126,16.3,1081,3.06,143,157,138,176,1.5,7517,2084,9601,231,285,1364,0,1364,0.645
24/02/20,8.2,1.5,27.009,27.421,20.564,9.073,9.211,13.095,13.161,85.798,86.229,10.204,2.87,0.437,3.109,4.483,0.076,0.103,0.056,19.977,332901,3.86,14780,25.4,59,136,17.6,1090,3.59,141,154,148,184,2,8332,2847,11179,130,171,1420,0,1420,0.583
25/02/20,8.933,1.5,26.499,26.903,23.353,9.06,9.198,12.647,12.711,86.246,86.679,10.749,2.882,0.449,3.278,4.418,0.059,0.096,0.063,20.692,328954,3.88,15708,25.82,57,136,17.7,1064,3.65,158,171,167,200,2,8470,2934,11404,123,175,1417,0,1417,0.671
26/02/20,8.6,1.5,26.398,26.8,21.828,9.252,9.393,12.628,12.691,86.265,86.699,10.268,2.843,0.447,3.303,4.301,0.049,0.101,0.048,19.617,323898,3.83,15908,25.95,55,129,19.7,1058,3.61,164,175,160,202,2,8481,2800,11281,117,148,1374,0,1374,0.549
27/02/20,8.933,1.5,26.606,27.011,21.819,8.929,9.065,12.679,12.743,86.211,86.644,10.172,2.876,0.442,3.225,4.224,0.054,0.111,0.042,19.717,325150,3.81,15816,25.88,60,133,16.1,1081,3.58,130,148,124,163,2,8652,2708,11360,124,156,1395,0,1395,0.486
28/02/20,8.933,1.507,26.713,27.122,24.352,9.53,9.676,12.812,12.878,86.055,86.499,10.309,2.818,0.442,3.278,4.392,0.057,0.11,0.071,19.009,320849,3.81,15206,25.77,65,133,17.2,1080,3.59,148,160,156,185,2,8615,2187,10802,119,186,1354,0,1354,0.787
29/02/20,9.067,1.507,26.693,27.101,21.825,9.57,9.716,13,13.067,85.886,86.324,10.407,2.606,0.455,3.428,4.474,0.061,0.095,0.059,19.543,324073,3.83,15691,25.9,64,134,16.3,1081,3.61,146,170,149,176,2,8779,2804,11583,132,187,1406,0,1406,0.636
01/03/20,8.8,1.5,26.727,27.134,23.634,9.377,9.519,12.797,12.861,86.083,86.516,10.224,2.572,0.446,3.429,4.319,0.059,0.103,0.057,19.789,320471,3.8,16026,26.08,58,133,16.9,1071,3.59,174,192,172,204,2,0,0,0,0,0,0,0,0,0.627
02/03/20,9,1.5,25.863,26.257,21.039,9.438,9.582,12.653,12.717,86.24,86.674,10.053,2.565,0.443,3.291,4.369,0.061,0.108,0.054,19.003,321621,3.84,15467,25.83,61,134,16.9,1098,3.61,164,175,158,194,2,0,0,0,0,0,0,0,0,0.599
03/03/20,9.133,1.5,26.197,26.596,24.347,9.26,9.401,12.687,12.75,86.193,86.627,10.343,2.674,0.461,3.304,4.365,0.085,0.107,0.064,19.652,316790,3.82,15087,25.93,57,132,17.8,1074,3.6,158,171,172,207,2,0,0,0,0,0,0,0,0,0.681
04/03/20,9,1.5,26.698,27.104,20.561,9.329,9.471,12.792,12.856,86.094,86.527,11.128,2.591,0.448,3.276,4.378,0.093,0.108,0.065,19.118,301965,4.24,8285,22.17,18,80,18.1,1083,2.82,130,131,111,139,1.3,0,0,0,0,0,0,0,0,0.703
05/03/20,8.6,1.5,26.26,26.66,20.56,9.42,9.563,12.42,12.482,86.45,86.885,10.77,2.66,0.449,3.405,4.508,0.088,0.094,0.106,20.668,0,0,0,0,0,0,0,0,0,0,0,0,0,0,0,0,0,0,0,0,0,0,1.258
